,task,question,predicted_answer,gold_answer,cosine_similarity
0,sequence gene alias,What are the aliases of the gene that contains this sequnece:GTAGATGGAACTGGTAGTCAGCTGGAGAGCAGCATGGAGGCGTCCTGGGGGAGCTTCAACGCTGAGCGGGGCTGGTATGTCTCTGTCCAGCAGCCTGAAGAAGCGGAGGCCGA.,"The alias for the gene containing this sequence is PDK1 (pyruvate dehydrogenase kinase, isoform 1).",SLC38A6 NAT-1 SNAT6,0.22228483855724335
1,sequence gene alias,What are the aliases of the gene that contains this sequence:ATTGTGAGAGTAACCAACGTGGGGTTACGGGGGAGAATCTGGAGAGAAGAGAAGAGGTTAACAACCCTCCCACTTCCTGGCCACCCCCCTCCACCTTTTCTGGTAAGGAGCCC.,"The sequence provided does not match any known gene, and thus no aliases can be determined.",FCGR3A CD16 FCG3 CD16A FCGR3 IGFR3 IMD20 FCR-10 FCRIII CD16-II FCGRIII FCRIIIA FcGRIIIA,0.12435595691204071
2,sequence gene alias,What are the aliases of the gene that contains this sequnece:GGAAGAGGCCCCAGCACTGACCTCCGTGGGGGTGGAGATGAGGAGGATGGAAAGGGTGTCTTCCTCCAGCATCTTCCTGAAGGTGAAGGAGGGGCACCTTGGGGTGTCTAAGA.,"The gene is likely the TERT gene, which is also known as telomerase RNA component, telomerase RNA, or telomerase RNP.",FNDC11 C20orf195,0.2232302576303482
3,sequence gene alias,What are the aliases of the gene that contains this sequnece:GCACACGTACGTTCCTCATGAAAGGGACGACGGGAGCTGCATGAAAGCCGAAGTTATGGACCGCTAGCATCTGTCACTGGCCACCGGTTTCCGGGAGTAAGCGGCAGCTACCT.,"The provided sequence does not correspond to a known gene in the NCBI database, and thus no aliases can be determined.",EOLA2 CXorf40B,0.17944329977035522
4,sequence gene alias,What are the aliases of the gene that contains this sequence:AGACGTGAAGCCTAGCAGAGGACTTTTTAGCTGCTCACTGGCCCCGCTTGTCTGGCCGACTCATCCGCCCGCGACCCCTAATCCCCTCTGCCTGCCCCAAGATGCTGAAGCCA.,"To determine the aliases of the gene containing this sequence, we first need to identify the gene. The given sequence is 1000 nucleotides long. Using bioinformatics tools like BLAST or a gene database, we can search for this sequence. Once the gene is identified, we can look up its aliases in databases such as NCBI or UniProt.",PSMB10 LMP10 MECL1 PRAAS5 beta2i,0.241394504904747
5,sequence gene alias,What are the aliases of the gene that contains this sequence:ACTTCCAACATGGCGGCGGCCGGGGCGGCGGTGGCGCGCAGCCCGGGAATCGGAGCGGGACCTGCGCTGAGAGCCCGGCGCTCGCCCCCGCCGCGGGCCGCACGGCTGCCGCG.,"The sequence provided is for the gene ""MUC1"" (Mucin 1), and its aliases include ""MUC1"" (MUC1), ""MUC1"" (MUC1), and ""MUC1"" (MUC1).",QSOX2 SOXN QSCN6L1,0.3022831976413727
6,sequence gene alias,What are the aliases of the gene that contains this sequence:ACTAGCCCCAAGAACAAAAGAGGCACAGGTGGGAACAACTCTCCCAAAACCAGGACTGGGAGCATGGCCAAACTTCATAGTGAGCTTACTTGCCTCTGACACACAAGGCAGCA.,"The gene containing the sequence is likely the human gene ""F2RL3"" (also known as ""F2R"" or ""F2RL3""), but without additional context or database lookup, this cannot be confirmed with certainty.",OR10A2 OST363 OR10A2P OR11-82 OR11-86,0.3317318558692932
7,sequence gene alias,What are the aliases of the gene that contains this sequnece:GCCGGCGCGCTTGCGCAGTAGCTGAACGCGGGCGTTTCTTTCCTCCCTTTTTTTCGAATTGGTTTTGGGGGTAGATTCGAGTTACAAAATGGCCGCCCGGAGCGTGTTCGGCG.,"The gene containing the sequence is likely the human gene ""GAPDH"" (glyceraldehyde-3-phosphate dehydrogenase), but this needs to be confirmed through a database search.",NUP50 NPAP60 NPAP60L,0.22889623045921326
8,sequence gene alias,What are the aliases of the gene that contains this sequence:ATGCTTCATTACACCCTTCATGGAAGCTGGCACACTCGCCCCACCCTCGTTTTCCACGGGCCAGTCTTGGAGGAAAAGGCCAGCAGGTAGGTTCCCAGGGCACGGAGATGATG.,"The sequence provided is for the gene ""MCM2"" (Minichromosome Maintenance Protein 2), which is also known as ""MCM2"" or ""MCM2_HUMAN"". However, without additional context or a database lookup, this is an approximation based on the sequence similarity.",MLLT10 AF10,0.2430797666311264
9,sequence gene alias,What are the aliases of the gene that contains this sequence:GCTTACGCCACGGCGTCTGCTGGCGGCCGCGGAGACGCAGAGTCTTGAGCAGCGCGGCAGGTGAGTAGCTGTGCGAATTCGGTTCTCTAGGGAGCTCCTTCTTCGCCTGCTGG.,"The sequence provided corresponds to the gene ""RPS27A"" (Ribosomal Protein S27A), and its aliases include ""RPS27"" and ""RPS27A"".",MRPL57 MRP63 bMRP63,0.44673436880111694
10,sequence gene alias,What are the aliases of the gene that contains this sequence:AGAAGAGCCAAAACAGGAACCGAGGTGGCAAATCACTGTGCGAGGGCGAGTGGACCTCCCTCTTTGCCTCCTCCCTGTTCCAGGAGCTGGTGCCCTGGGCTCTGCGCTGTTGT.,"The gene is likely the human gene ""TSPAN6"" (Tetraspanin 6), and its aliases include ""TSPAN6"" and ""TSPAN6_HUMAN"".",SYT4 HsT1192,0.5258044004440308
11,sequence gene alias,What are the aliases of the gene that contains this sequence:CTTCCAGGCTAAGTCCATCTTCCGGCTTGGGCAGACGCTGCCGCGGAATCCTTGACTCTAGTTTTCTGAGTCGGTGAGTGAGTGCAAAGTAGATTCCTCAGGTGGAGGGTGCC.,"The gene is likely the human interleukin-2 (IL-2) receptor alpha chain (CD25), but this cannot be confirmed without further analysis. The provided sequence may be part of a larger gene or may not correspond to a known gene. To determine the exact gene, bioinformatics tools like BLAST or NCBI's BLAST should be used to compare the sequence against known gene sequences.",ZBTB6 ZID ZNF482,0.31004586815834045
12,sequence gene alias,What are the aliases of the gene that contains this sequence:CCTTTTAGTATCCAATTATCTGAAACTTAAGAAGAGTGTGCACCGCCCAATGGGTGTGTGTATGTGCTGCTTTGAACCTATAGTTGAGATCCAGAGAATTGGGAGTGACATCA.,The aliases of the gene are not available due to the sequence not matching any known gene.,PTH FIH1 PTH1,0.20812499523162842
13,sequence gene alias,What are the aliases of the gene that contains this sequence:AGGCTACCAAAGTCGCTGGTAGCCTGGACCCTGAGTTCACCGATCCTTCCTACTCAGTAATATCTACAGGTAAGTCCAAAGGGAAATTGCTTTGGGAATCTGACAATTTAACT.,"The sequence provided is likely for the gene ""ACTN4"" (Actin, alpha 4, cytoplasmic), and its aliases include ""ACTN4"" and ""ACTN4A"".",ASIP ASP AGSW AGTI AGTIL SHEP9,0.26675739884376526
14,sequence gene alias,What are the aliases of the gene that contains this sequence:ATCTGCTCTGACTTCCCCAGGACGTGTCTGTGCTCCTGTGTGTGACCAGGGTGAGTGGCAACCTGGGAGCCAGAGGGCACAGGGGAATGGGAAGATTAAGGGAGGCTTCAGAG.,The aliases of the gene are not available with the provided information.,LCE2A LEP9,0.256971538066864
15,sequence gene alias,What are the aliases of the gene that contains this sequence:AGAGCCCAGCCCAGCACGGTCTCCGGGGATGTAGCTGGTGGGACAGTGAGCAGAGGGCTGGGCCCTGTGCCTGGGGACTGTGGCCTGGAGGCTGAGCAGGAGCTGHAGGGG.,The aliases of the gene are not available due to the sequence not matching any known gene.,SEPTIN3 SEP3 SEPT3 bK250D10.3,0.16082169115543365
16,sequence gene alias,What are the aliases of the gene that contains this sequence:GCACAAGCCGGCCTTGAAATCAGAGCCTTTCCAGCAACTCCGAGAGCGTGTGCTCGGCGACCGCGGGCTTGGCCAGCGGCGCGCGCTCGGCGCCCCGGCGCCCCCAGCCCCAC.,"The sequence provided does not correspond to any known gene in the current database. Therefore, no aliases can be determined for this sequence.",TWIST2 AMS FFDD3 BBRSAY DERMO1 SETLSS bHLHa39,0.24365420639514923
17,sequence gene alias,What are the aliases of the gene that contains this sequence:AGTTGGCCGCTCCGGCCTGTGGGGCTACATCCCTGCTGCCGGCCAGGCGCGGCCCGCGGGACCCCGAGTGTAGCGCCATGGCCCGGGAGAGGCCGCCCGGGAGGGGCTGCGGC.,"The sequence provided is for the gene ""RAB3A"". The aliases for this gene include ""RAB3"", ""RAB3A"", ""RAB3A1"", ""RAB3A2"", and ""RAB3A3"".",METTL24 C6orf186,0.17847153544425964
18,sequence gene alias,What are the aliases of the gene that contains this sequence:GCATTGTGGGTTCTCCTGGAGCTGTGGAGTTGATCCTGAATGAAAGTGGCGCGCCGCCCCTGACGTTACCCGGATCGGAGAGGTTGGAATTCAGATTACGGCTGCGATTCGGG.,"The gene is likely the human gene ""FMR1"" (Fragile X Mental Retardation 1), but this needs to be confirmed by a BLAST search or other sequence database.",RNGTT HCE HCE1 hCAP CAP1A,0.28906893730163574
19,sequence gene alias,What are the aliases of the gene that contains this sequence:CTTCCCCAAGCCAACGTCTCCGCCGTCGGCTCCGCGGCGCCGCCATGGCCGACGTGGAAGACGGAGAGGAAACCTGCGCCCTGGCCTCTCACTCCGGGAGCTCAGGCTCCAAG.,"The gene is ""HNRNPAB"" with aliases including ""HNRNPA1"", ""HNRNPA1A"", and ""HNRNPA1B"".",RNF7 SAG ROC2 rbx2 CKBBP1,0.6071949005126953
20,sequence gene alias,What are the aliases of the gene that contains this sequnece:AAGACTGCGAGCTCCCCGCACCCCCTCGCACTCCCTCTGGCCGGCCCAGGGCGCCTTCAGCCCAACCTCCCCAGCCCCACGGGCGCCACGGAACCCGCTCGATCTCGCCGCCA.,"The sequence provided does not correspond to any known gene in the public databases, such as NCBI or Ensembl. Therefore, it does not have any established aliases.",F3 TF TFA CD142,0.02541375160217285
21,sequence gene alias,What are the aliases of the gene that contains this sequence:AGCTCCCCGCCGGGCTCGCGCCGCAGAGGCCGGTGAGGCGCCGGCGGCCACGCCGCGGAAGGCGCGGGCCGAGCAGAGCCGGGCGTTGGAGCCCGCGCGCGCATGGAGGCGTT.,"The gene is RPS29, and its aliases include RPS29A, RPS29B, and RPS29C.",SLC25A33 PNC1 BMSC-MCP,0.5200710296630859
22,sequence gene alias,What are the aliases of the gene that contains this sequence:AGATCTGCTTCTCCCCGGCTCGGGGCGCCGAGGCGGCGTCCGGGAGGTGTCTTCTGCAAAGGTTGCCTGGCGCTGTCCAACATGGAGGAGGCACCGGCAGCGGGCGTTACCTG.,"The sequence provided does not correspond to a known gene in the public databases, and thus no aliases can be determined.",PCLO ACZ PCH3,0.1370559185743332
23,sequence gene alias,What are the aliases of the gene that contains this sequnece:CATGGCCACCCCTGCAGCAGTTACAACACTAAGAGCTCGTTCTTTTGCATCCTCTGTAAGTCCCAGGGCCAAGGGAGGGGAGCCTAGGCTATATTGGACCTAGATAGGAAGAG.,"The sequence provided is for the gene ""GATA3"" (GATA binding protein 3), which has aliases including ""GATA3"", ""GATA3"", ""GATA3"", and ""GATA3"".",OR56A1 OR11-75,0.34150242805480957
24,sequence gene alias,What are the aliases of the gene that contains this sequence:GGGACTTTGCAGGCAGCGGCGGCCGGGGGCGGAGCGGGATCGAGCCCTCGCCGAGGCCTGCCGCCATGGGCCCGCGCCGCCGCCGCCGCCTGTCACCCGGGCCGCGCGGGCCG.,"The sequence provided does not correspond to any known gene in the current database. Therefore, no aliases can be determined for this sequence.",E2F1 RBP3 E2F-1 RBAP1 RBBP3,0.19680416584014893
25,sequence gene alias,What are the aliases of the gene that contains this sequence:CTCTTTCTTAAGTCATTCGAAACACTGTCCCTGCGAGTTCTTTAAGTTCCCTGCAATCTGTACACAAGAGAAAGAGGGAGAGAGAGAGGGAGAGAGACAGAGAGAGCAGGGAT.,"The sequence provided does not correspond to a known gene, and thus no aliases can be determined.",ZNF366 DCSCRIPT DC-SCRIPT,0.1015663743019104
26,sequence gene alias,What are the aliases of the gene that contains this sequence:AGAAGGAGCGAAACATCTTTGAGCAAGATGGGTCTCTACCGCATCCGCGTGTCCACTGGGGCCTCGCTCTATGCCGGTTCCAACAACCAGGTGCAGCTGTGGCTGGTCGGCCA.,"The aliases of the gene are: BCL2, BCL-X, BCL2A1, and BCL2L1.",ALOX15 LOG15 12-LOX 15-LOX 15-LOX-1,0.37616950273513794
27,sequence gene alias,What are the aliases of the gene that contains this sequence:CCCGCGCGGTAGCAGCCAACGCCGGCCCCAGGCGGGTGCGCTGGGAGCCTGGGCCGGGAGCCGGGTGAGGGCGCCGAGAGGCTCGGTGGGCGCGGGCGGCGAGGTGAGCTGGG.,"The sequence provided is for the gene ""RAB3A"" (Rab3A), which is also known as RAB3A, RAB3A, and RAB3A. The aliases may include RAB3A, RAB3A, and RAB3A.",LYPD6B CT116 LYPD7,0.3683997690677643
28,sequence gene alias,What are the aliases of the gene that contains this sequence:AGATTTGCTCTGATTCTGACAATGCAGTGGGTATCAGAGCTCAGGTCCAGAGGAAAAGCCTGGAGTGAGTGAGGCTGCGAGCTTCCTCTTCAGAACTCTGCATGCTTATCGGG.,"The aliases of the gene are: 'CYP19A1', 'Estradiol', 'ESR1', 'ESR2', 'ER', 'ER alpha', 'ER beta', 'Estrogen receptor alpha', 'Estrogen receptor beta', 'Estrogen receptor', 'Estrogen receptor alpha and beta', 'Estrogen receptor alpha and beta complex', 'Estrogen receptor alpha and beta dimer', 'Estrogen receptor alpha and beta heterodimer', 'Estity', 'Estroreceptor', 'Estroreceptor alpha', 'Estroreceptor beta', 'Estroreceptor alpha and beta', 'Estroreceptor alpha and beta complex', 'Estroreceptor alpha and beta dimer', 'Estroreceptor alpha and beta heterodimer', 'Estroreceptor alpha and beta complex', 'Estroreceptor alpha and beta dimer', 'Estroreceptor alpha and beta heterodimer', 'Estroreceptor alpha and beta complex', 'Estroreceptor alpha and beta dimer', 'Estroreceptor alpha and beta heterodimer'.",PRKCH PKCL PKC-L PRKCL uORF2 nPKC-eta,0.17296752333641052
29,sequence gene alias,What are the aliases of the gene that contains this sequnece:AGAACTCTGCGCTACTGCCCACGCATCTCACAAAGTCTACTACGCCGCGCGTTCTCGGTTTCAACGCACCTCCAGGATTCAGGGCTTCCTAAGCTGCAATTCAGCAGGGCTCC.,"The sequence provided does not correspond to any known gene in the current database, so no aliases can be determined.",ARHGEF26 SGEF CSGEF HMFN1864,0.27167296409606934
30,sequence gene alias,What are the aliases of the gene that contains this sequence:AGCGGGAAGACCATCTCTGCAAGTGCAGCATAGCCTCGGCCTAGGACAGCGGGAGTGCGTGGCCAAAGCTGTGAGCAGAGGCACAGGTGGTGGCAGACAGTAGAGGCGCCCCA.,"The gene containing this sequence is likely the Human Leukemia Cell Line (K562) gene, but the exact alias depends on the specific gene identified through sequence analysis. To determine the exact gene, the sequence should be analyzed using bioinformatics tools like BLAST or NCBI's sequence database.",AGAP9 AGAP-9 CTGLF6 bA301J7.2,0.37701550126075745
31,sequence gene alias,What are the aliases of the gene that contains this sequence:GTCGGCCCTGCGGGCCTCTCTCCGTCGCCATGGAAACGAAAGCGGCCAAGTAGAGCTCCGTCCTGACGCGCCGCCTCCCGTGGGCTCCGGCCGGCTAAGCCGCGGCGGACAAC.,"The aliases of the gene are: BRCA1, BRCA1B, BRCA1-2, BRCA1-3, BRity1, BRCA1-5, BRCA1-6, BRCA1-7, BRCA1-8, BRCA1-9, BRCA1-10, BRCA1-11, BRCA1-12, BRCA1-13, BRCA1-14, BRCA1-15, BRCA1-16, BRCA1-17, BRCA1-18, BRCA1-19, BRCA1-20.",IFT22 FAP9 CFAP9 RABL5,0.4135938286781311
32,sequence gene alias,What are the aliases of the gene that contains this sequence:AGTCAAGTGACGCGAAGCGGCCGGCCTGGGCGCCGACTGCAGAGCCGGGAGGCTGGTGGTCATGCCGGGGTTCCTGGTTCGCATCCTCCCTCTGTTGCTGGTTCTGCTGCTTC.,"The aliases of the gene are: ""E2F1"", ""TP53"", ""MYC"", ""BRAF"", ""KRAS"", ""RAS"", ""TERT"", ""P53"", ""NFKB1"", ""JUN"".",GLB1 EBP ELNR1 MPS4B,0.24612268805503845
33,sequence gene alias,What are the aliases of the gene that contains this sequence: GTTTTTTCAGCTCACTTCAAGGGTACCTGAAGCGAATTGGCACCAAAGCAGCAGCTGTATTGCCGCAGTTCTAGCTTCACCTTCACGATGTTTCCCTTGGTCAAAAGCGCACTA.,"To determine the aliases of the gene containing the given sequence, the following steps were taken: 1. The sequence was analyzed using bioinformatics tools to identify the gene it belongs to. 2. The gene was found to be GADPH (Glyceraldehyde-3-phosphate dehydrogenase). 3. The aliases for GADPH include G3PD, GAD, and GAPDH. Therefore, the aliases are G3PD, GAD, and GAPDH.",COX7B APLCC LSDMCA2,0.16213443875312805
34,sequence gene alias,What are the aliases of the gene that contains this sequence:AGAGCGGCCCCGGAGCGGCCGCAGCGCGGTGGTCTCGGCCCGGCTGCGCCAGAGTCCGCGCGATGGAGCCCCGGCCGCGGCGGCGGCGCAGGAGTCGCCCCCTGGTCGCCGCC.,"The sequence provided is part of the gene encoding the human protein, and its aliases include 'E2F1' (E2F1 gene), 'E2F1', 'E2F1P', 'E2F1A', 'E2F1B', 'E2F1C', 'E2F1D', 'E2F1E', 'E2F1F', 'E2F1G', 'E2F1H', 'E2F1I', 'E2F1J', 'E2F1K', 'E2F1L', 'E2F1M', 'E2F1N', 'E2F1O', 'E2F1P', 'E2F1Q', 'E2F1R', 'E2F1S', 'E2F1T', 'E2F1U', 'E2F1V', 'E2F1W', 'E2F1X', 'E2F1Y', 'E2F1Z'.",PLK5 PLK-5 PLK5P SgK384ps,0.3622819781303406
35,sequence gene alias,What are the aliases of the gene that contains this sequnece:ATGACGCGCGGCCGCGCCTGGGGGATGCGGCGGGCGGCGGCGGGGGCGGGCGGAGCGCGGGCGGCGGGGCCAACTGGGGGCGCCTCTCGCCTGCACCCCAATGCGGGACGCAG.,"The sequence provided does not correspond to a known gene in the human genome, and thus no aliases can be determined.",ANKRD60 C20orf86 bA196N14.3,0.31128329038619995
36,sequence gene alias,What are the aliases of the gene that contains this sequence:ATCGATCACAGGCTCACAACGCCCTTCCATTCATCGCTCTTATTCCAGTCCTGGTTACTACCCCACTTCCTGACATCAAACCAGGGAGAACGCGAGTGTTAGTTAACATGGCT.,"The sequence provided does not correspond to a known gene in the current database. Therefore, no aliases can be determined for this sequence.",POC1B-GALNT4 GALNT4 GalNAc-T4,0.15481258928775787
37,sequence gene alias,What are the aliases of the gene that contains this sequence:GCCATTTTGGATTGTGTGAGTTTCCGGGACGTTCGGAGGGTGGCCTCTCTCCCACCGGGTTCCGCATACCCCAGGCACCGGCCCGCATCCAAGTGTCAGGTTGGAGCCGGGAA.,"The gene is likely the human gene ""GPR176"" (G protein-coupled receptor 176), and its aliases may include ""GPRC6A"" (G protein-coupled receptor 6A) and ""GPRC6"" (G protein-coupled receptor 6). However, without a specific database or sequence matching tool, this is an educated guess. The given sequence may not correspond to a known gene, so further analysis is required.",INTS8 INT8 NEDCHS C8orf52,0.27907854318618774
38,sequence gene alias,What are the aliases of the gene that contains this sequence:GTTGTACAGAAAATTGCTGTTGGGATGAAGCTTTGCAGCCTTGCAGTCCTTGTACCCATTGTTCTCTTCTGTGAGCAGCATGTCTTCGCGTTTCAGAGGTAACCCAATAGAA.,"The gene containing the sequence is likely the human gene ""TTC8"" (TTC8), also known as ""TTC8"". However, without specific sequence alignment or database lookup, this is an approximation. For precise identification, BLAST or other sequence analysis tools are required.",CPB2 CPU PCPB TAFI,0.2902039587497711
39,sequence gene alias,What are the aliases of the gene that contains this sequnece:ATTACTCAGCTTTTCATCTGCTGTGTTGAAAGCCAACTTATCATTTTTCACATTATTGTATACATCTAAAAGACATCATAAACGAAGACTGGAAGTGAAAACTGAAAAACTGA.,"The gene is likely the p53 gene, which is also known as TP53. However, without a specific database or sequence alignment tool, this identification cannot be confirmed with certainty.",VBP1 PFD3 PFDN3 VBP-1 HIBBJ46,0.39749252796173096
40,sequence gene alias,What are the aliases of the gene that contains this sequence:GTTTGTTTACTTGGCGAGACTTGGAGCTGAGGTCATTTGGAGCTGTTTAATACTGAAGAGCTGTTGAGCACTGGAAAGTGCTGTGTAACCCTGGAAAAGAACCGTGTAACGCT.,"The aliases of the gene are: ""HTR2A"", ""5-HT2A"", ""TRH2A"", ""5HTR2A"", ""5-HT2A receptor"", ""5-HT2A receptor protein""",H2BC1 STBP TH2B H2BFU TSH2B hTSH2B TSH2B.1 HIST1H2BA bA317E16.3,0.37894707918167114
41,sequence gene alias,What are the aliases of the gene that contains this sequence:AGCTGCCAGCACGCGCAGAAGGCGGACGCAGGCGGGGCGGAAGTGGGCCCGGCGGGCTGGGGCGGCGGGAGTGCGGGTGGGCGTTTAAAGGGGCCTTCGGCACCCAGGTCGGT.,"The sequence provided does not correspond to any known gene in the human genome, and thus no aliases can be determined.",CPLANE2 RSG1 C1orf89,0.2619859576225281
42,sequence gene alias,What are the aliases of the gene that contains this sequence:AGATGTGAGTCCTCAATGAGCTATAACCACAGCCATAAATATCTCTCAAAGATGAGGAACATTCTCATGATGTTGACACTGCAATTTTTTGACAATTTCCCAACACTCTTAAG.,"The sequence provided does not correspond to any known gene, and therefore, there are no aliases for this gene.",ADAMDEC1 M12.219,0.3804163932800293
43,sequence gene alias,What are the aliases of the gene that contains this sequence:TCTTCCTCCAGCTGTTCCCACAGGCTCCATTATTCAAACTTTGGGGGAGGAAATCAGGGCTGGACAGATCATCAACTGCTG. Let's decompose the question to sub-questions and solve them step by step.,The aliases of the gene are not available due to the sequence not matching any known gene.,B3GNT8 B3GALT7 BGALT15 beta3Gn-T8,0.16254813969135284
44,sequence gene alias,What are the aliases of the gene that contains this sequence:CATTTCACCAGCCCAGGCTGGCTTCTGCTGTTGACTGGCTGTGGCACCTCAAGCAGCCCCTTTCCCCTCTAGCCTCAGTTTATCACCGCAAGAGCTACCATTCATCTAGCACA.,"The sequence provided is for the gene RPL11 (Ribosomal protein L11), and its aliases include RPL11, RPL11P, and RPL11A.",SRC ASV SRC1 THC6 c-SRC p60-Src,0.18180790543556213
45,sequence gene alias,What are the aliases of the gene that contains this sequnece:ATGGCTTTGCCTAGAAGCCAAGGCCATTGGTCCAACAAAGACATCTTGAGGTTACTGGAATGCATGGAGAATAATCGCCCATCTGATGACAACAGCACGTTTAGCTCAACTCA.,"The gene is BRCA1, and its aliases include BRCA1, BRCA1P1, BRCA1P10, BRCA1P11, BRCA1P12, BRCA1P13, BRCA1P14, BRCA1P15, BR6, BRCA1-2, BRCA1-3, BRCA1-4, BRCA1-5, BRCA1-6, BRCA1-7, BRCA1-8, BRCA1-9, BRCA1-10, BRCA1-11, BRCA1-12, BRCA1-13, BRCA1-14, BRCA1-15, BRCA1-16, BRCA1-17, BRCA1-18, BRCA1-19, BRCA1-20, BRCA1-21, BRCA1-22, BRCA1-23, BRCA1-24, BRCA1-25, BRCA1-26, BRCA1-27, BRCA1-28, BRCA1-29, BRCA1-30, BRCA1-31, BRCA1-32, BRCA1-33, BRCA1-34, BRCA1-35, BRCA1-36, BRCA1-37, BRCA1-38, BRCA1-39, BRCA1-40, BRCA1-41, BRCA1-42, BRCA1-43, BRCA1-44, BRCA1-45, BRCA1-46, BRCA1-47, BRCA1-48, BRCA1-49, BRCA1-50, BRCA1-51, BRCA1-52, BRCA1-53, BRCA1-54, BRCA1-55, BRCA1-56, BRCA1-57, BRCA1-58, BRCA1-59, BRCA1-60, BRCA1-61, BRCA1-62, BRCA1-63, BRCA1-64, BRCA1-65, BRCA1-66, BRCA1-67, BRCA1-68, BRCA1-69, BRCA1-70, BRCA1-71, BRCA1-72, BRCA1-73, BRCA1-74, BRCA1-75, BRCA1-76, BRCA1-77, BRCA1-78, BRCA1-79, BRCA1-80, BRCA1-81, BRCA1-82, BRCA1-83, BRCA1-84, BRCA1-85, BRCA1-86, BRCA1-87, BRCA1-88, BRCA1-89, BRCA1-90, BRCA1-91, BRCA1-92, BRCA1-93, BRCA1-94, BRCA1-95, BRCA1-96, BRCA1-97, BRCA1-98, BRCA1-99, BRCA1-100.",UBTFL1 HMGPI C11orf27,0.38003015518188477
46,sequence gene alias,What are the aliases of the gene that contains this sequence:GCAGGCGCTGGCTGGCAGGTGTCGCTAACCGGACGGTGGTCGCCAGGGCGAGAGGCGGGAGCCGGAGAGGTGAGGCAGGACCCGGGCTCCACTGCCGCCTCTCCGAGCTCTTG.,"The gene is RPL10A, with aliases including RPL10, RPL10A, RPL10A1, and RPL10A2.",MOGS DER7 GCS1 CDG2B CWH41,0.29259175062179565
47,sequence gene alias,What are the aliases of the gene that contains this sequence:ACGTGGCCGGGGTGGGACCTCAGGCGACCTGCGACCATCACTTTGTCTCCTCCTTCCTCCTTTGGGGCCGCCACCGCCAATCAGAGCCAGCGGATCCTGGTTGGAGTGCGACC.,"The gene is not identified based on the provided sequence alone. Aliases for genes are typically determined through database searches (e.g., NCBI, Ensembl) using the sequence, but this sequence does not match any known gene in public databases. Please provide additional information or use a bioinformatics tool to determine the gene's identity.",ATOSB FAM214B KIAA1539,0.39297351241111755
48,sequence gene alias,What are the aliases of the gene that contains this sequence:AGGATTCCTGGAGTCTCCGGAGGGTGCCTTTGGCCTCTGGGATTCACCCGAGCCGTTGGCTTTTGCTCCCCCCACCCCACCCCCTGGCTTTTCTTGGCTTGGAGGGCAGCTGG.,"The sequence provided does not match any known gene, and thus no aliases can be determined.",SHANK2 SHANK AUTS17 CORTBP1 CTTNBP1 ProSAP1 SPANK-3,0.1963275521993637
49,sequence gene alias,What are the aliases of the gene that contains this sequence:ATGCTCAGTAGCCGCGGCGCTGCTGCTGGGCTGCTGGGCTGGCGCGGAGTCCACCCTGCCGTCTCCGCCTTGGCTTCTGGGCGTCCAGAAGGCCAGGCATTTGCCGCCTCTGA.,"The sequence provided does not correspond to a known gene in the public databases, so no aliases can be determined.",PTPRR PTPRQ EC-PTP PCPTP1 PTP-SL PTPBR7,0.17553435266017914
50,Disease gene location,List chromosome locations of the genes related to Hemolytic anemia due to phosphofructokinase deficiency.,"The gene for phosphofructokinase-1 (PFK1) is located on chromosome 17, and the gene for phosphofructokinase-2 (PFK2) is located on chromosome 12.",21q22.3,0.2015819549560547
51,Disease gene location,List chromosome locations of the genes related to Distal renal tubular acidosis.,"The genes associated with Distal Renal Tubular Acidosis (dRTA) are located on chromosomes 13, 17, and 20. Specifically, the genes are CLCN5 (chromosome 13), BART1 (chromosome 17), and SLC4A5 (chromosome 20).",17q21.31 7q34,0.2130257785320282
52,Disease gene location,List chromosome locations of the genes related to Pseudohypoparathyroidism Ic.,"The gene associated with Pseudohypoparathyroidism Ic is GNAS, located on chromosome 15 (15q22.3).",20q13.32,0.15569274127483368
53,Disease gene location,List chromosome locations of the genes related to Glycine N-methyltransferase deficiency.,"The gene associated with Glycine N-methyltransferase deficiency is GCH1, located on chromosome 11.",6p21.1,0.1835842877626419
54,Disease gene location,List chromosome locations of the genes related to Meesmann corneal dystrophy.,"The gene associated with Meesmann corneal dystrophy is TGM5, located on chromosome 15 (15q24.3).",17q21.2 12q13.13,0.2329942286014557
55,Disease gene location,List chromosome locations of the genes related to Chronic atrial and intestinal dysrhythmia.,"The genes related to chronic atrial and intestinal dysrhythmia include KCNE1 (chromosome 14), KCNE2 (chromosome 14), and KCNE3 (chromosome 14).",3p24.3,0.10736683011054993
56,Disease gene location,List chromosome locations of the genes related to Sensorineural deafness with mild renal dysfunction.,"The genes associated with Sensorineural deafness with mild renal dysfunction are located on chromosomes 7, 12, and 16. Specifically, GJB2 is on chromosome 12, WFS1 on chromosome 7, and TMC1 on chromosome 16.",1p32.3,0.10470718145370483
57,Disease gene location,List chromosome locations of the genes related to Bile acid malabsorption.,"The genes related to bile acid malabsorption are located on chromosomes 1, 12, and 17. Specifically, the ABCB1 gene is located on chromosome 2, the BAIAP2 gene on chromosome 12, and the FGF19 gene on chromosome 17.",13q33.1 15q22.31,0.24593043327331543
58,Disease gene location,List chromosome locations of the genes related to Immunodeficiency due to defect in MAPBP-interacting protein.,"The gene associated with immunodeficiency due to a defect in the MAPBP-interacting protein is likely the MAPBP1 gene, which is located on chromosome 17 (17q21.3).",1q22,0.232389897108078
59,Disease gene location,List chromosome locations of the genes related to Currarino syndrome.,"The gene associated with Currarino syndrome is RET, located on chromosome 10 (10q11.2).",7q36.3,0.26189959049224854
60,Disease gene location,List chromosome locations of the genes related to Intervertebral disc disease.,"The genes associated with Intervertebral disc disease (IVDD) are located on various chromosomes, including 1, 2, 3, 4, 6, 7, 10, 12, 14, 15, 16, 17, 18, 20, and 23. Specific genes such as SLC1A2 (chromosome 2), COL1A1 (chromosome 17), and COL5A1 (chromosome 20) are known to be involved in the pathogenesis of IVDD.",20q13.33,0.11173422634601593
61,Disease gene location,List chromosome locations of the genes related to Otofaciocervical syndrome.,"The genes associated with Otofaciocervical syndrome (OTOFIC) are located on chromosomes 1 and 17. Specifically, the gene OTOF is located on chromosome 1 at 1q42.3, and the gene FAM166A is located on chromosome 17 at 17q21.2. These genes are involved in the development of the disease, which affects the ear, face, and neck.",8q13.3 20p11.22,0.21144475042819977
62,Disease gene location,List chromosome locations of the genes related to Brody myopathy.,The genes associated with Brody myopathy are located on chromosomes 17 (MYO5A) and 14 (MYO15A).,16p11.2,0.14504289627075195
63,Disease gene location,List chromosome locations of the genes related to Neurodevelopmental disorder with gait disturbance.,"The genes associated with neurodevelopmental disorders that cause gait disturbance are located on chromosomes 1, 15, and 20. For example, the gene TUBB3 is located on chromosome 15, and the gene SPG4 is located on chromosome 20. These genes are implicated in conditions such as Joubert syndrome and spinocerebellar degeneration, which involve neurodevelopmental issues and gait abnormalities.",Xq22.2,0.23087280988693237
64,Disease gene location,List chromosome locations of the genes related to Mitochondrial DNA depletion syndrome 4A Alpers type.,"The gene associated with Mitochondrial DNA depletion syndrome 4A Alpers type is ALAS2, located on chromosome 11 (11p15.5).",15q26.1,0.3306926190853119
65,Disease gene location,List chromosome locations of the genes related to Nephropathy due to CFHR5 deficiency.,"The gene CFHR5 is located on chromosome 17, specifically at position 17p13.3. This gene is associated with nephropathy when there is a deficiency, as it plays a role in the complement system, which is crucial for kidney function.",1q31.3,0.21771368384361267
66,Disease gene location,List chromosome locations of the genes related to Achromatopsia.,"The genes related to Achromatopsia are located on chromosomes 1, 3, 19, and 22. Specifically, the genes are ABCA4 on chromosome 1, CNGA3 on chromosome 3, CNGB3 on chromosome 19, and GPR161 on chromosome 22.",2q11.2 8q21.3 1p13.3 12p12.3 1q23.3,0.2814180254936218
67,Disease gene location,List chromosome locations of the genes related to Hyperphenylalaninemia.,"The genes associated with hyperphenylalaninemia are PAH (phenylalanine hydroxylase) located on chromosome 12, and the other genes include SLC6A14 (solute carrier family 6 member 14) on chromosome 11 and CYP27A1 (cholesterol side-chain cleavage enzyme) on chromosome 11. Additionally, the gene ALAS2 (aldo-keto reductase 2A1) is located on chromosome 11.",11q23.1 14q22.2 4p15.32 10q22.1 10q21.3 12q23.2,0.3150196373462677
68,Disease gene location,List chromosome locations of the genes related to EDICT syndrome.,"The EDICT syndrome is associated with mutations in the EDICT gene located on chromosome 17. The EDICT gene is responsible for encoding a protein that plays a role in the development of the disease. Other genes involved in EDICT syndrome may also be located on different chromosomes, but the primary gene associated with this condition is on chromosome 17.",15q25.1,0.22221802175045013
69,Disease gene location,List chromosome locations of the genes related to Gastrointestinal defects and immunodeficiency syndrome.,"The genes associated with gastrointestinal defects and immunodeficiency syndrome are located on various chromosomes. For example, the gene responsible for DiGeorge syndrome, which is linked to both gastrointestinal and immunological issues, is located on chromosome 22. Another gene, IL7R, which plays a role in immune function, is found on chromosome 17. Additionally, the gene encoding the T-cell receptor delta chain (TCRdelta) is located on chromosome 7. These genes are involved in different aspects of gastrointestinal and immunological health, and their locations on specific chromosomes are crucial for understanding the genetic basis of these conditions.",22q11.21 2p21,0.06030736491084099
70,Disease gene location,List chromosome locations of the genes related to Cleft palate with ankyloglossia.,"The genes associated with cleft palate and ankyloglossia are located on chromosomes 1, 2, 4, 6, 8, 12, 15, and 17. These include genes such as IRX3 (chromosome 2), EDAR (chromosome 2), FGF8 (chromosome 8), and others.",Xq21.1,0.07856589555740356
71,Disease gene location,List chromosome locations of the genes related to Neurodevelopmental disorder with nonspecific brain abnormalities and with or without seizures.,"Genes associated with neurodevelopmental disorders involving nonspecific brain abnormalities and seizures are located on multiple chromosomes. For example, the gene ARID1B is located on chromosome 17, and SCN1A is on chromosome 2. Other genes like CHD5 (chromosome 12), CDK5 (chromosome 21), and KCNQ1 (chromosome 22) are also implicated in such conditions. These genes are involved in various pathways affecting brain development and seizure susceptibility.",6q27,0.22404450178146362
72,Disease gene location,List chromosome locations of the genes related to Spondylocarpotarsal synostosis syndrome.,"The gene associated with Spondylocarpotarsal synostosis syndrome is FGFR3, located on chromosome 4 (4p16.3).",3p14.3,0.22808700799942017
73,Disease gene location,List chromosome locations of the genes related to Haim-Munk syndrome.,"The gene associated with Haim-Munk syndrome is KIF1A, located on chromosome 15 (15q24.3).",11q14.2,0.3326791524887085
74,Disease gene location,List chromosome locations of the genes related to Sialidosis.,The genes related to Sialidosis are NAGLU (chromosome 15) and HEXA (chromosome 17).,6p21.33,0.15434908866882324
75,Disease gene location,List chromosome locations of the genes related to Siddiqi syndrome.,"Siddiqi syndrome is a rare genetic disorder, and as of now, there is no well-established genetic cause identified for this condition. Therefore, the specific chromosome locations of the genes related to Siddiqi syndrome are not known.",20q13.12,0.08631044626235962
76,Disease gene location,List chromosome locations of the genes related to Corneal fleck dystrophy.,"The genes associated with Corneal fleck dystrophy are located on chromosomes 1, 14, and 19. Specifically, the genes are CYP1B1 (chromosome 1), CYP1B2 (chromosome 14), and CYP1B3 (chromosome 19).",2q34,0.1958734691143036
77,Disease gene location,List chromosome locations of the genes related to Liver failure.,"The genes related to liver failure are located on multiple chromosomes, including 1, 2, 3, 4, 6, 10, 13, 16, 17, 18, 21, and 22. Specific examples include the ABCB11 gene on chromosome 2 (which is involved in bile acid synthesis) and the CYP2E1 gene on chromosome 10 (involved in drug metabolism).",22q13.31,0.15791457891464233
78,Disease gene location,List chromosome locations of the genes related to Proteasome-associated autoinflammatory syndrome.,The genes associated with Proteasome-associated autoinflammatory syndrome are located on chromosomes 12 (NLRP3 gene) and 17 (MEFV gene).,6p21.32 18p11.21 13q12.3 16q22.1,0.2926234006881714
79,Disease gene location,List chromosome locations of the genes related to Orofaciodigital syndrome XIV.,"The gene associated with Orofaciodigital syndrome XIV is FLRT3, located on chromosome 14 (14q32.1).",11q13.4,0.17408716678619385
80,Disease gene location,List chromosome locations of the genes related to Trichoepithelioma.,The genes related to Trichoepithelioma are SEPT9 located at 19p13.1 and USP22 located at 19q13.1. These genes are associated with the development of this skin condition.,16q12.1,0.16793890297412872
81,Disease gene location,List chromosome locations of the genes related to Medullary thyroid carcinoma.,"The genes related to Medullary thyroid carcinoma are RET (chromosome 10), NMUS (chromosome 14), and TERT (chromosome 5).",10q11.21,0.18108664453029633
82,Disease gene location,List chromosome locations of the genes related to Type diabetes mellitus.,"The genes related to Type 1 diabetes mellitus are located on chromosomes 6, 17, 12, 11, and 14. The genes related to Type 2 diabetes mellitus are located on chromosomes 12, 16, 2, 10, and 11.",17q12 7p15.3 2q24.1 6p21.31 2q36.3 2q31.3 7p15.3,0.2099268138408661
83,Disease gene location,List chromosome locations of the genes related to Buschke-Ollendorff syndrome.,"The gene associated with Buschke-Ollendorff syndrome is ARID1B, located on chromosome 12 (12q24.3).",12q14.3,0.3727337718009949
84,Disease gene location,List chromosome locations of the genes related to Vascular malformation.,"The genes associated with vascular malformations are located on various chromosomes. For example, the gene SMAD4 is located on chromosome 18, and the gene ENG is located on chromosome 13. Other genes like PIK3CA are located on chromosome 10, and FBN1 on chromosome 15. These genes are involved in different types of vascular malformations, including but not limited to Kaposi's sarcoma, hereditary hemorrhagic telangiectasia, and others.",20q13.12,0.09147804975509644
85,Disease gene location,List chromosome locations of the genes related to Acrocallosal syndrome.,The genes associated with Acrocallosal syndrome are FGFR2 (chromosome 10) and FER (chromosome 17).,15q26.1,0.28444626927375793
86,Disease gene location,List chromosome locations of the genes related to Congenital disorder of deglycosylation.,"The genes related to Congenital disorder of deglycosylation (CDG) are located on chromosomes 1, 12, and 19. Specifically, the genes are: CDG1A on chromosome 1, CDG1B on chromosome 12, and CDG1C on chromosome 19. Additionally, CDG2 is located on chromosome 19, and CDG5 on chromosome 12. Other genes like CDG3, CDG4, and CDG6 are also associated with CDG, but their exact chromosome locations may vary depending on the specific subtype.",3p24.2 15q24.2,0.13458436727523804
87,Disease gene location,List chromosome locations of the genes related to Spinal muscular atrophy with congenital bone fractures.,"The gene SMN1 is located on chromosome 5 (5q11.2-q12.2), and the gene SMN2 is located on chromosome 5 (5q11.2-q12.2). However, there is no direct genetic link between spinal muscular atrophy (SMA) and congenital bone fractures. Congenital bone fractures are typically associated with other genetic conditions, such as osteogenesis imperfecta (OI), which is caused by mutations in COL1A1 or COL1A2 on chromosomes 17 and 14, respectively.",15q22.31 10q22.1,0.23271724581718445
88,Disease gene location,List chromosome locations of the genes related to B-cell immunodeficiency.,"The genes associated with B-cell immunodeficiency are located on various chromosomes, including 1, 2, 4, 5, 7, 12, 14, 17, 19, and 20. Notable examples include CD19 (chromosome 1), CD20 (chromosome 2), and CD79A (chromosome 20).",3p24.2,0.08330076932907104
89,Disease gene location,List chromosome locations of the genes related to Immunodeficiency with inflammatory disease and congenital thrombocytopenia.,"The genes associated with immunodeficiency with inflammatory disease and congenital thrombocytopenia include: CD14 on chromosome 16, TNFRSF14 on chromosome 12, and C3 on chromosome 1. These genes are linked to conditions such as CID (C3 deficiency) and others involving immune dysfunction and thrombocytopenia.",7q22.1,0.07011617720127106
90,Disease gene location,List chromosome locations of the genes related to Split-foot malformation with mesoaxial polydactyly.,"The genes related to Split-foot malformation with mesoaxial polydactyly are located on chromosomes 1, 2, 3, and 17. Specifically, the genes involved include: 1p36.3 (TBX4), 2q31.1 (HOXD13), 3q26.1 (SHOX), and 17q21.3 (ZNF469).",2q31.1,0.14992116391658783
91,Disease gene location,List chromosome locations of the genes related to Pigmented nodular adrenocortical disease.,"The gene locations for Pigmented nodular adrenocortical disease (PNAD) are: CDKAL1 on chromosome 10, CACNA1H on chromosome 12, and CACNA1E on chromosome 12. These genes are associated with the disease, though further research is needed to confirm their exact role.",17q24.2 2q31.2 5q13.3,0.3192451000213623
92,Disease gene location,List chromosome locations of the genes related to Superoxide dismutase.,"The genes related to Superoxide dismutase are SOD1 (chromosome 21), SOD2 (chromosome 17), and SOD3 (chromosome 22).",4p15.2,0.2457270622253418
93,Disease gene location,List chromosome locations of the genes related to Leukoencephalopathy with dystonia and motor neuropathy.,"The gene associated with Leukoencephalopathy with dystonia and motor neuropathy is PRNP, located on chromosome 21.",1p32.3,0.34545502066612244
94,Disease gene location,List chromosome locations of the genes related to Intracranial hemorrhage in brain cerebrovascular malformations.,"The genes related to intracranial hemorrhage in brain cerebrovascular malformations include IDH1 (chromosome 3), IDH2 (chromosome 4), and SMARCB1 (chromosome 22). These genes are associated with various cerebrovascular conditions and may contribute to the development of intracranial hemorrhages.",7p15.3,0.16484278440475464
95,Disease gene location,List chromosome locations of the genes related to Multiple system atrophy.,"The genes associated with Multiple System Atrophy (MSA) are PRNP (PRP2) located on chromosome 21 and H6P (H6) located on chromosome 16. Additionally, the gene ALDH1A2 is associated with MSA and is located on chromosome 12. These genes are involved in the pathogenesis of MSA, which is a neurodegenerative disorder characterized by the accumulation of alpha-synuclein in the brain.",4q21.23,0.20913919806480408
96,Disease gene location,List chromosome locations of the genes related to Cone dystrophy.,"The genes related to Cone dystrophy are located on chromosomes 1, 2, 3, 6, 14, 15, 19, and 20. Specifically, the genes are: ABCA4 (11p15.4), CERAMIDASE (2q31.3), CNGA3 (2q31.3), CNGB3 (2q31.3), GUCY2D (14q24.1), RAB25 (15q21.1), RAB32 (19q13.1), and PRPH2 (20q11.23).",10q23.33 6p21.1,0.20108486711978912
97,Disease gene location,List chromosome locations of the genes related to Holt-Oram syndrome.,The genes related to Holt-Oram syndrome are TBX1 located on chromosome 4 (4p16.3) and FGF3 located on chromosome 1 (1q21.1).,12q24.21,0.21338853240013123
98,Disease gene location,List chromosome locations of the genes related to Lichtenstein-Knorr syndrome.,"The gene associated with Lichtenstein-Knorr syndrome is KIF21A, located on chromosome 15 at position 15q24.1.",1p36.11,0.17460186779499054
99,Disease gene location,List chromosome locations of the genes related to Ablepharon-macrostomia syndrome.,"The gene associated with Ablepharon-macrostomia syndrome is FERML1, located on chromosome 17 (17q21.3).",2q37.3,0.214217871427536
100,SNP gene function,What is the function of the gene associated with SNP rs1217074595?,"The gene associated with SNP rs1217074595 is RAB3A, and it functions in vesicle trafficking, which is crucial for transporting proteins and lipids within cells.",ncRNA,0.2928176820278168
101,SNP gene function,What is the function of the gene associated with SNP rs1241371358?,"The gene associated with SNP rs1241371358 is KCNJ11, which encodes a potassium channel protein involved in regulating glucose homeostasis and insulin secretion in pancreatic beta cells.",Predicted to be active in cytosol.,0.23718440532684326
102,SNP gene function,What is the function of the gene associated with SNP rs1481036795?,"The gene associated with SNP rs1481036795 is KCNK9, which is involved in ion transport and has been linked to various physiological processes, including hearing and kidney function.","SEPT11 belongs to the conserved septin family of filament-forming cytoskeletal GTPases that are involved in a variety of cellular functions including cytokinesis and vesicle trafficking (Hanai et al., 2004 [PubMed 15196925]; Nagata et al., 2004 [PubMed 15485874]).",0.38249677419662476
103,SNP gene function,What is the function of the gene associated with SNP rs1318850293?,"The gene associated with SNP rs1318850293 is TERT, which is involved in telomere maintenance and regulation of telomere length, playing a crucial role in cell proliferation and aging.",Predicted to enable guanyl-nucleotide exchange factor activity. Predicted to be involved in Rho protein signal transduction.,0.30916914343833923
104,SNP gene function,What is the function of the gene associated with SNP rs996319727?,"The gene associated with SNP rs996319727 is LINC01198, which is a long non-coding RNA (lncRNA) involved in various cellular processes, including gene regulation, chromatin modification, and cellular differentiation. It has been implicated in diseases such as cancer and may play a role in the development of certain cancers by influencing the expression of neighboring genes.",Predicted to enable thiol-dependent deubiquitinase and zinc ion binding activity. Involved in spliceosomal complex assembly. Located in nucleoplasm. Part of U4/U6 x U5 tri-snRNP complex.,0.24183619022369385
105,SNP gene function,What is the function of the gene associated with SNP rs577757681?,"The gene associated with SNP rs577757681 is TCF7L2, and it is involved in the regulation of glucose metabolism and insulin secretion.","Predicted to enable oxidoreductase activity. Predicted to be involved in response to oxidative stress. Predicted to act upstream of or within several processes, including adult walking behavior; negative regulation of neuron death; and negative regulation of peptidyl-cysteine S-nitrosylation. Predicted to be located in mitochondrion and nucleolus. Predicted to be active in nucleus. Implicated in cerebellar hyplasia/atrophy, epilepsy, and global developmental delay.",0.282639741897583
106,SNP gene function,What is the function of the gene associated with SNP rs1294482311?,"The gene associated with SNP rs1294482311 is KCNE1, which is involved in the regulation of cardiac ion channels and plays a role in maintaining normal heart function.","The protein encoded by this gene is a member of the WD repeat superfamily of proteins, which have regulatory functions. This gene is expressed in many tissue types including several types of eye tissue, and it has been associated with ocular phenotypes. In addition, it is upregulated in cultured cells that overexpress growth factor independence 1B, a transcription factor that is essential for hematopoietic cell development. Alternative splicing results in multiple transcript variants.",0.2909585237503052
107,SNP gene function,What is the function of the gene associated with SNP rs979970652?,"The gene associated with SNP rs979970652 is GPR17, which is involved in cell signaling and may play a role in cancer progression.","Predicted to enable mRNA binding activity and poly(A) binding activity. Predicted to be involved in regulation of alternative mRNA splicing, via spliceosome. Predicted to be located in nucleoplasm. Predicted to be active in nucleus.",0.5235232710838318
108,SNP gene function,What is the function of the gene associated with SNP rs1029002401?,"The gene associated with SNP rs1029002401 is CYP1A2, which is involved in the metabolism of various drugs and xenobiotics.","Predicted to enable DNA binding activity. Predicted to be involved in homologous chromosome pairing at meiosis and meiotic attachment of telomere to nuclear envelope. Predicted to be located in chromosome, telomeric region. Predicted to be integral component of nuclear inner membrane.",0.25330936908721924
109,SNP gene function,What is the function of the gene associated with SNP rs1015227?,"The gene associated with SNP rs1015227 is GPR183, and its function is to act as a G protein-coupled receptor that plays a role in regulating cellular processes such as ion transport and cell signaling.",ncRNA,0.20791757106781006
110,SNP gene function,What is the function of the gene associated with SNP rs1278530438?,"The gene associated with SNP rs1278530438 is CACNA1H, which is involved in regulating heart function and electrical activity in cardiac muscle cells.",Enables R-SMAD binding activity. Involved in negative regulation of cell migration; negative regulation of epithelial to mesenchymal transition; and negative regulation of transmembrane receptor protein serine/threonine kinase signaling pathway. Located in early endosome membrane.,0.2779938876628876
111,SNP gene function,What is the function of the gene associated with SNP rs745325402?,"The gene associated with SNP rs745325402 is LRP1B, which is involved in the regulation of cell proliferation and tumor suppression, and is a member of the low-density lipoprotein receptor (LDLR) family.",This gene encodes a high affinity receptor for the peptide hormone calcitonin and belongs to a subfamily of seven transmembrane-spanning G protein-coupled receptors. The encoded protein is involved in maintaining calcium homeostasis and in regulating osteoclast-mediated bone resorption. Polymorphisms in this gene have been associated with variations in bone mineral density and onset of osteoporosis. Alternate splicing results in multiple transcript variants.,0.33609315752983093
112,SNP gene function,What is the function of the gene associated with SNP rs4704888?,"The gene associated with SNP rs4704888 is KCNQ1. This SNP is located in the KCNQ1 gene and is associated with an increased risk of type 2 diabetes. The KCNQ1 gene encodes a potassium channel protein that plays a role in the regulation of cell membrane potential and is involved in the function of pancreatic beta cells, which are responsible for insulin production.","The protein encoded by this gene is one of the four known components of the sarcoglycan complex, which is a subcomplex of the dystrophin-glycoprotein complex (DGC). DGC forms a link between the F-actin cytoskeleton and the extracellular matrix. This protein is expressed most abundantly in skeletal and cardiac muscle. Mutations in this gene have been associated with autosomal recessive limb-girdle muscular dystrophy and dilated cardiomyopathy. Alternatively spliced transcript variants encoding distinct isoforms have been observed for this gene.",0.4384472370147705
113,SNP gene function,What is the function of the gene associated with SNP rs1201372088?,"The gene associated with SNP rs1201372088 is GPR183, which is involved in the regulation of ion channels and may play a role in neurodevelopment and neurological disorders.","Predicted to enable DNA-binding transcription repressor activity, RNA polymerase II-specific and RNA polymerase II cis-regulatory region sequence-specific DNA binding activity. Predicted to be involved in regulation of transcription by RNA polymerase II. Located in nucleoplasm.",0.3848971426486969
114,SNP gene function,What is the function of the gene associated with SNP rs1324451169?,"The gene associated with SNP rs1324451169 is KCNQ1, and it functions in the regulation of potassium channels, which are essential for maintaining cell membrane potential and nerve impulse transmission.","The activation of gene transcription is a multistep process that is triggered by factors that recognize transcriptional enhancer sites in DNA. These factors work with co-activators to direct transcriptional initiation by the RNA polymerase II apparatus. The protein encoded by this gene is a subunit of the CRSP (cofactor required for SP1 activation) complex, which, along with TFIID, is required for efficient activation by SP1. This protein is also a component of other multisubunit complexes e.g. thyroid hormone receptor-(TR-) associated proteins which interact with TR and facilitate TR function on DNA templates in conjunction with initiation factors and cofactors.",0.2635022699832916
115,SNP gene function,What is the function of the gene associated with SNP rs983419152?,"The gene associated with SNP rs983419152 is CDH13, which is involved in cell adhesion and plays a role in various biological processes including immune response and cancer development.",ncRNA,0.2737969160079956
116,SNP gene function,What is the function of the gene associated with SNP rs745940901?,"The gene associated with SNP rs745940901 is GPR17, which is involved in the regulation of cell proliferation and differentiation, and plays a role in the development and function of the nervous system.","The protein encoded by this gene interacts with thyroid hormone receptors and contains a jumonji domain. It is a candidate histone demethylase and is thought to be a coactivator for key transcription factors. It plays a role in the DNA-damage response pathway by demethylating the mediator of DNA damage checkpoint 1 (MDC1) protein, and is required for the survival of acute myeloid leukemia. Mutations in this gene are associated with Rett syndrome and intellectual disability. Alternative splicing results in multiple transcript variants.",0.36637961864471436
117,SNP gene function,What is the function of the gene associated with SNP rs1303680136?,"The gene associated with SNP rs1303680136 is NOD2, which plays a role in the immune system by recognizing bacterial cell wall components and activating immune responses.",Predicted to enable phospholipid scramblase activity. Predicted to be involved in apoptotic process involved in development; engulfment of apoptotic cell; and phosphatidylserine exposure on apoptotic cell surface. Predicted to be integral component of membrane. Predicted to be active in plasma membrane.,0.18416224420070648
118,SNP gene function,What is the function of the gene associated with SNP rs1053827498?,"The gene associated with SNP rs1053827498 is KCNQ1, which is involved in the regulation of potassium channels and plays a role in neuronal excitability and cardiac electrophysiology.",Enables protein dimerization activity and ubiquitin protein ligase activity. Involved in positive regulation of response to DNA damage stimulus. Located in nucleoplasm. Part of Smc5-Smc6 complex.,0.2168807089328766
119,SNP gene function,What is the function of the gene associated with SNP rs1350154096?,"The gene associated with SNP rs1350154096 is PCDH10, which is involved in cell adhesion and neuronal development.",ncRNA,0.29426559805870056
120,SNP gene function,What is the function of the gene associated with SNP rs1037441458?,"The gene associated with SNP rs1037441458 is not identified, as it is not a valid SNP identifier.",ncRNA,0.2973993420600891
121,SNP gene function,What is the function of the gene associated with SNP rs900408143?,"The gene associated with SNP rs900408143 is KCNE1, which encodes a potassium channel, voltage-gated, potassium, beta1 subunit, playing a role in the regulation of cardiac and neuronal electrical activity.","The Fox-1 family of RNA-binding proteins is evolutionarily conserved, and regulates tissue-specific alternative splicing in metazoa. Fox-1 recognizes a (U)GCAUG stretch in regulated exons or in flanking introns. The protein binds to the C-terminus of ataxin-2 and may contribute to the restricted pathology of spinocerebellar ataxia type 2 (SCA2). Ataxin-2 is the product of the SCA2 gene which causes familial neurodegenerative diseases. Fox-1 and ataxin-2 are both localized in the trans-Golgi network. Several alternatively spliced transcript variants encoding different isoforms have been found for this gene.",0.42384278774261475
122,SNP gene function,What is the function of the gene associated with SNP rs900532834?,"The gene associated with SNP rs900532834 is TSPAN6, which is involved in cell membrane structure and signaling, and is implicated in various cancers and immune-related disorders.","This gene encodes a family member of serine/threonine p21-activating kinases, known as PAK proteins. These proteins are critical effectors that link RhoGTPases to cytoskeleton reorganization and nuclear signaling, and they serve as targets for the small GTP binding proteins Cdc42 and Rac. This specific family member regulates cell motility and morphology. Mutations in this gene have been associated with macrocephaly, seizures, and speech delay. Overexpression of this gene is also reported in many cancer types, and particularly in breast cancer. Alternative splicing results in multiple transcript variants.",0.5268286466598511
123,SNP gene function,What is the function of the gene associated with SNP rs1281200566?,"The SNP rs1281200566 is located in the gene GPR183, which is involved in the regulation of cell proliferation and differentiation, particularly in the nervous system. It plays a role in the development of the central nervous system and is associated with conditions such as schizophrenia and bipolar disorder.",Predicted to enable unfolded protein binding activity. Predicted to be involved in protein folding. Predicted to be part of chaperonin-containing T-complex.,0.31651225686073303
124,SNP gene function,What is the function of the gene associated with SNP rs1431266687?,"The gene associated with SNP rs1431266687 is KCNIP2, which is involved in regulating neuronal excitability and has roles in cognitive functions and neurodevelopment.","This gene encodes a subunit of a voltage-dependent calcium channel protein that is a member of the voltage-gated calcium channel superfamily. The gene product was originally identified as an antigen target in Lambert-Eaton myasthenic syndrome, an autoimmune disorder. Mutations in this gene are associated with Brugada syndrome. Alternatively spliced variants encoding different isoforms have been described.",0.39690572023391724
125,SNP gene function,What is the function of the gene associated with SNP rs900745020?,"The gene associated with SNP rs900745020 is GPR126, which is involved in the regulation of cell proliferation and differentiation, and is implicated in various physiological processes including development and cancer progression.","The product of this gene belongs to the CRE (cAMP response element)-binding protein family. Members of this family contain zinc-finger and bZIP DNA-binding domains. The encoded protein specifically binds to CRE as a homodimer or a heterodimer with c-Jun or CRE-BP1, and functions as a CRE-dependent trans-activator. Alternatively spliced transcript variants encoding different isoforms have been identified.",0.40865328907966614
126,SNP gene function,What is the function of the gene associated with SNP rs1188606225?,"The gene associated with SNP rs1188606225 is LINC01212, and its function is related to the regulation of gene expression and may be involved in cellular processes such as transcriptional regulation and chromatin remodeling.",This gene encodes an adaptor protein which functions in the epidermal growth factor (EGF) receptor-mediated signaling pathway. Multiple transcript variants encoding different isoforms have been found for this gene.,0.4784074127674103
127,SNP gene function,What is the function of the gene associated with SNP rs902730377?,"The SNP rs902730377 is located in the MTHFR gene, which is involved in the metabolism of folate and the synthesis of DNA. Mutations in this gene can lead to reduced enzyme activity, affecting the body's ability to process folate and may be associated with conditions such as neural tube defects and cardiovascular disease.",ncRNA,0.10026095062494278
128,SNP gene function,What is the function of the gene associated with SNP rs1044115387?,"The gene associated with SNP rs1044115387 is KLF15, and its function is to regulate gene expression and cellular processes such as cell proliferation and differentiation, and it is involved in the development of the cardiovascular system and other physiological processes.","This gene is a member of the GLI-similar zinc finger protein family and encodes a nuclear protein with five C2H2-type zinc finger domains. This protein functions as both a repressor and activator of transcription and is specifically involved in the development of pancreatic beta cells, the thyroid, eye, liver and kidney. Mutations in this gene have been associated with neonatal diabetes and congenital hypothyroidism (NDH). Alternatively spliced variants that encode different protein isoforms have been described but the full-length nature of only two have been determined.",0.329121470451355
129,SNP gene function,What is the function of the gene associated with SNP rs979980368?,The gene associated with SNP rs97998,Involved in positive regulation of canonical Wnt signaling pathway. Located in nucleus.,0.37439867854118347
130,SNP gene function,What is the function of the gene associated with SNP rs1161130206?,"The gene associated with SNP rs1161130206 is KCNQ1, which is involved in regulating potassium ion channels and plays a role in cardiovascular function and development.",ncRNA,0.274014949798584
131,SNP gene function,What is the function of the gene associated with SNP rs910422326?,"The gene associated with SNP rs910422326 is KIF21A, which is involved in the regulation of microtubule dynamics and plays a role in cell division and intracellular transport.",Predicted to be involved in establishment of mitotic spindle orientation and regulation of establishment of bipolar cell polarity. Predicted to act upstream of or within behavioral fear response; equilibrioception; and locomotor rhythm. Predicted to be active in spindle.,0.39688733220100403
132,SNP gene function,What is the function of the gene associated with SNP rs1035892430?,"The gene associated with SNP rs1035892430 is TSPAN6, which is involved in cell membrane structure and signaling, and is associated with increased risk of certain cancers and cardiovascular diseases.","The protein encoded by this gene is a member of the transmembrane 4 superfamily, also known as the tetraspanin family. Most of these members are cell-surface proteins that are characterized by the presence of four hydrophobic domains. The proteins mediate signal transduction events that play a role in the regulation of cell development, activation, growth and motility. The use of alternate polyadenylation sites has been found for this gene.",0.5990618467330933
133,SNP gene function,What is the function of the gene associated with SNP rs1255093658?,"The gene associated with SNP rs1255093658 is HNRNPU, which is involved in RNA splicing and plays a role in the regulation of gene expression. It is also implicated in neurodevelopmental processes and may be associated with certain neurological disorders.",This gene encodes a member of the teneurin transmembrane protein family. The encoded protein may be involved in the regulation of neuronal development including development of the visual pathway. Mutations in this gene have been associated with microphthalmia and developmental dysplasia of the hip.,0.4106404185295105
134,SNP gene function,What is the function of the gene associated with SNP rs1257276516?,"The gene associated with SNP rs1257276516 is KCNJ11, which encodes a potassium channel protein involved in regulating glucose homeostasis and insulin secretion in beta cells of the pancreas.",ncRNA,0.1782262623310089
135,SNP gene function,What is the function of the gene associated with SNP rs563369098?,"The gene associated with SNP rs5633690.98 is GPR172A, and its function is to encode a G protein-coupled receptor that plays a role in cellular signaling and may be involved in processes such as cell proliferation and differentiation.",ncRNA,0.23215706646442413
136,SNP gene function,What is the function of the gene associated with SNP rs1032834815?,"The gene associated with SNP rs1032834815 is TNS1, which is involved in cell adhesion and plays a role in the development of cancer.","Enables RNA binding activity. Predicted to act upstream of or within several processes, including negative regulation of osteoblast differentiation; substrate adhesion-dependent cell spreading; and type II pneumocyte differentiation. Predicted to be located in endoplasmic reticulum.",0.38943564891815186
137,SNP gene function,What is the function of the gene associated with SNP rs552952471?,"The gene associated with SNP rs552952471 is F2RL3, which is involved in blood coagulation and platelet activation. It encodes a protein that plays a role in the coagulation cascade and is associated with thrombosis and other vascular diseases.","This gene encodes retinoic acid receptor beta, a member of the thyroid-steroid hormone receptor superfamily of nuclear transcriptional regulators. This receptor localizes to the cytoplasm and to subnuclear compartments. It binds retinoic acid, the biologically active form of vitamin A which mediates cellular signalling in embryonic morphogenesis, cell growth and differentiation. It is thought that this protein limits growth of many cell types by regulating gene expression. The gene was first identified in a hepatocellular carcinoma where it flanks a hepatitis B virus integration site. Alternate promoter usage and differential splicing result in multiple transcript variants.",0.34605976939201355
138,SNP gene function,What is the function of the gene associated with SNP rs1452964195?,"The gene associated with SNP rs1452964195 is CYP2A6, and its function is to catalyze the oxidation of various substrates, including drugs and other chemicals, in the liver.",ncRNA,0.2711978554725647
139,SNP gene function,What is the function of the gene associated with SNP rs949202492?,"The gene associated with SNP rs949202492 is KMT2D, which is involved in histone modification and plays a role in gene regulation and chromatin structure. Mutations in this gene are linked to various diseases, including leukemia and other genetic disorders.","The protein encoded by this gene is a neuronal calcium-binding protein that binds to and modulates the function of at least two receptors, adenosine A(2A) receptor and metabotropic glutamate receptor type 5.",0.41832002997398376
140,SNP gene function,What is the function of the gene associated with SNP rs1218214598?,"The gene associated with SNP rs1218214598 is KCNQ1, which is involved in the regulation of potassium channels and plays a role in the function of the heart and other tissues.",ncRNA,0.27838343381881714
141,SNP gene function,What is the function of the gene associated with SNP rs1022906840?,"The SNP rs1022906840 is located in the gene CNTN5 (Contactin 5), which is involved in the formation of neuronal cell adhesion and axon guidance during neural development. It plays a role in the development of the nervous system and may be associated with neurodevelopmental disorders such as autism spectrum disorder and schizophrenia.",Located in ciliary basal body.,0.2197684496641159
142,SNP gene function,What is the function of the gene associated with SNP rs1199372758?,"The gene associated with SNP rs1199372758 is GPR172, which is involved in cell signaling and may play a role in cancer progression and immune response.","The protein encoded by this gene is a negative regulator of autophagy and endocytic trafficking and controls endosome maturation. This protein contains two conserved domains, an N-terminal RUN domain and a C-terminal DUF4206 domain. The RUN domain is involved in Ras-like GTPase signaling, and the DUF4206 domain contains a diacylglycerol (DAG) binding-like motif. Mutation in this gene results in deletion of the DAG binding-like motif and causes a recessive ataxia. Alternatively spliced transcript variants encoding distinct isoforms have been found for this gene.",0.37266114354133606
143,SNP gene function,What is the function of the gene associated with SNP rs1396355441?,"The SNP rs1396355441 is located in the F2RL3 gene, which is involved in the coagulation cascade and plays a role in blood clotting. It is also associated with an increased risk of venous thromboembolism (VTE).","The protein encoded by this gene is a member of the protein tyrosine phosphatase (PTP) family. PTPs are known to be signaling molecules that regulate a variety of cellular processes including cell growth, differentiation, mitotic cycle, and oncogenic transformation. This PTP contains an extracellular domain, a single transmembrane segment and one intracytoplasmic catalytic domain, thus belongs to receptor type PTP. The extracellular region of this PTP is composed of multiple fibronectin type_III repeats, which was shown to interact with neuronal receptor and cell adhesion molecules, such as contactin and tenascin C. This protein was also found to interact with sodium channels, and thus may regulate sodium channels by altering tyrosine phosphorylation status. The functions of the interaction partners of this protein implicate the roles of this PTP in cell adhesion, neurite growth, and neuronal differentiation. Alternate transcript variants encoding different isoforms have been found for this gene.",0.5106511116027832
144,SNP gene function,What is the function of the gene associated with SNP rs1432624213?,"The SNP rs1432624213 is located in the gene F2RL3, which is involved in the coagulation cascade and plays a role in blood clotting. It may affect the function of the protein encoded by this gene, potentially influencing coagulation processes and related diseases.","This gene encodes a member of the organic-cation transporter family. It is located in a gene cluster with another member of the family, organic cation transporter like 3. The encoded protein is a transmembrane protein which is thought to transport small molecules and since this protein is conserved among several species, it is suggested to have a fundamental role in mammalian systems. Alternative splicing results in multiple transcript variants.",0.3427574336528778
145,SNP gene function,What is the function of the gene associated with SNP rs937944577?,"The gene associated with SNP rs937944577 is KCNQ1, which is involved in regulating potassium ion channels and plays a role in the development of hypertension and other cardiovascular conditions.","This gene is a member of the intermediate filament family. Intermediate filaments are proteins which are primordial components of the cytoskeleton and nuclear envelope. The proteins encoded by the members of this gene family are evolutionarily and structurally related but have limited sequence homology, with the exception of the central rod domain. Multiple alternatively spliced transcript variants encoding different isoforms have been found for this gene.",0.3378036618232727
146,SNP gene function,What is the function of the gene associated with SNP rs1450106117?,"The gene associated with SNP rs1450106117 is SLC26A6, which is involved in the transport of iodide and other anions across cell membranes, playing a role in thyroid function and other physiological processes.","This gene encodes a component of the mediator complex (also known as TRAP, SMCC, DRIP, or ARC), a transcriptional coactivator complex thought to be required for the expression of almost all genes. The mediator complex is recruited by transcriptional activators or nuclear receptors to induce gene expression, possibly by interacting with RNA polymerase II and promoting the formation of a transcriptional pre-initiation complex. The product of this gene is proposed to form a sub-complex with MED12, cyclin C, and CDK8 that can negatively regulate transactivation by mediator.",0.3713197112083435
147,SNP gene function,What is the function of the gene associated with SNP rs34083046?,"The gene associated with SNP rs34083046 is GPR17, which is involved in cell proliferation, differentiation, and apoptosis, and is implicated in various diseases including cancer.","This gene encodes an essential regulator of mitochondrial Ca2+ uptake under basal conditions. The encoded protein interacts with the mitochondrial calcium uniporter, a mitochondrial inner membrane Ca2+ channel, and is essential in preventing mitochondrial Ca2+ overload, which can cause excessive production of reactive oxygen species and cell stress. Alternatively spliced transcript variants encoding different isoforms have been described.",0.3694756031036377
148,SNP gene function,What is the function of the gene associated with SNP rs149916046?,"The gene associated with SNP rs149916046 is GPR182, which is involved in the regulation of ion channels and may play a role in the development of schizophrenia.",ncRNA,0.23370899260044098
149,SNP gene function,What is the function of the gene associated with SNP rs1385096481?,"The gene associated with SNP rs1385096481 is CYP2A6, which is involved in the metabolism of drugs and other xenobiotics, and its function is to catalyze the oxidation of various substrates, including certain drugs and toxins.","This gene encodes a protein that belongs to the leucine-rich repeat and fibronectin type III domain-containing family of proteins. A similar protein in mouse, a glycosylated transmembrane protein, is thought to function in presynaptic differentiation.",0.32739031314849854
